Date as of,First week,Last week,State,County name,FIPS County Code,Deaths involving COVID-19,Deaths from All Causes
09/23/2020,02/01/2020,09/19/2020,AL,Autauga County,1001,25,325
09/23/2020,02/01/2020,09/19/2020,AL,Baldwin County,1003,67,1390
09/23/2020,02/01/2020,09/19/2020,AL,Bibb County,1007,10,118
09/23/2020,02/01/2020,09/19/2020,AL,Blount County,1009,11,330
09/23/2020,02/01/2020,09/19/2020,AL,Butler County,1013,24,146
09/23/2020,02/01/2020,09/19/2020,AL,Calhoun County,1015,63,1003
09/23/2020,02/01/2020,09/19/2020,AL,Clay County,1027,15,110
09/23/2020,02/01/2020,09/19/2020,AL,Colbert County,1033,32,405
09/23/2020,02/01/2020,09/19/2020,AL,Covington County,1039,54,376
09/23/2020,02/01/2020,09/19/2020,AL,Crenshaw County,1041,24,138
09/23/2020,02/01/2020,09/19/2020,AL,Cullman County,1043,25,657
09/23/2020,02/01/2020,09/19/2020,AL,Dale County,1045,50,330
09/23/2020,02/01/2020,09/19/2020,AL,Dallas County,1047,38,329
09/23/2020,02/01/2020,09/19/2020,AL,DeKalb County,1049,15,443
09/23/2020,02/01/2020,09/19/2020,AL,Elmore County,1051,30,443
09/23/2020,02/01/2020,09/19/2020,AL,Escambia County,1053,19,242
09/23/2020,02/01/2020,09/19/2020,AL,Etowah County,1055,107,1085
09/23/2020,02/01/2020,09/19/2020,AL,Franklin County,1059,12,192
09/23/2020,02/01/2020,09/19/2020,AL,Houston County,1069,182,1305
09/23/2020,02/01/2020,09/19/2020,AL,Jackson County,1071,14,418
09/23/2020,02/01/2020,09/19/2020,AL,Jefferson County,1073,524,6411
09/23/2020,02/01/2020,09/19/2020,AL,Lauderdale County,1077,51,918
09/23/2020,02/01/2020,09/19/2020,AL,Lee County,1081,126,844
09/23/2020,02/01/2020,09/19/2020,AL,Limestone County,1083,29,508
09/23/2020,02/01/2020,09/19/2020,AL,Madison County,1089,121,2628
09/23/2020,02/01/2020,09/19/2020,AL,Marengo County,1091,15,161
09/23/2020,02/01/2020,09/19/2020,AL,Marion County,1093,23,260
09/23/2020,02/01/2020,09/19/2020,AL,Marshall County,1095,46,767
09/23/2020,02/01/2020,09/19/2020,AL,Mobile County,1097,363,3433
09/23/2020,02/01/2020,09/19/2020,AL,Montgomery County,1101,311,2096
09/23/2020,02/01/2020,09/19/2020,AL,Morgan County,1103,46,862
09/23/2020,02/01/2020,09/19/2020,AL,Pike County,1109,14,193
09/23/2020,02/01/2020,09/19/2020,AL,St. Clair County,1115,32,530
09/23/2020,02/01/2020,09/19/2020,AL,Shelby County,1117,64,933
09/23/2020,02/01/2020,09/19/2020,AL,Talladega County,1121,24,540
09/23/2020,02/01/2020,09/19/2020,AL,Tallapoosa County,1123,66,362
09/23/2020,02/01/2020,09/19/2020,AL,Tuscaloosa County,1125,181,1543
09/23/2020,02/01/2020,09/19/2020,AL,Walker County,1127,60,664
09/23/2020,02/01/2020,09/19/2020,AL,Washington County,1129,10,87
09/23/2020,02/01/2020,09/19/2020,AK,Anchorage Borough,2020,29,1279
09/23/2020,02/01/2020,09/19/2020,AK,Fairbanks North Star Borough,2090,10,285
09/23/2020,02/01/2020,09/19/2020,AZ,Apache County,4001,42,342
09/23/2020,02/01/2020,09/19/2020,AZ,Cochise County,4003,30,713
09/23/2020,02/01/2020,09/19/2020,AZ,Coconino County,4005,124,831
09/23/2020,02/01/2020,09/19/2020,AZ,Gila County,4007,27,484
09/23/2020,02/01/2020,09/19/2020,AZ,Graham County,4009,21,213
09/23/2020,02/01/2020,09/19/2020,AZ,Maricopa County,4013,3253,28384
09/23/2020,02/01/2020,09/19/2020,AZ,Mohave County,4015,184,2379
09/23/2020,02/01/2020,09/19/2020,AZ,Navajo County,4017,58,696
09/23/2020,02/01/2020,09/19/2020,AZ,Pima County,4019,716,8230
09/23/2020,02/01/2020,09/19/2020,AZ,Pinal County,4021,79,1797
09/23/2020,02/01/2020,09/19/2020,AZ,Yavapai County,4025,75,2088
09/23/2020,02/01/2020,09/19/2020,AZ,Yuma County,4027,304,1498
09/23/2020,02/01/2020,09/19/2020,AR,Benton County,5007,96,1236
09/23/2020,02/01/2020,09/19/2020,AR,Chicot County,5017,10,70
09/23/2020,02/01/2020,09/19/2020,AR,Columbia County,5027,14,175
09/23/2020,02/01/2020,09/19/2020,AR,Craighead County,5031,87,1333
09/23/2020,02/01/2020,09/19/2020,AR,Crittenden County,5035,15,233
09/23/2020,02/01/2020,09/19/2020,AR,Faulkner County,5045,19,672
09/23/2020,02/01/2020,09/19/2020,AR,Garland County,5051,72,1178
09/23/2020,02/01/2020,09/19/2020,AR,Howard County,5061,10,106
09/23/2020,02/01/2020,09/19/2020,AR,Independence County,5063,14,320
09/23/2020,02/01/2020,09/19/2020,AR,Jefferson County,5069,72,640
09/23/2020,02/01/2020,09/19/2020,AR,Little River County,5081,22,111
09/23/2020,02/01/2020,09/19/2020,AR,Mississippi County,5093,19,248
09/23/2020,02/01/2020,09/19/2020,AR,Newton County,5101,13,72
09/23/2020,02/01/2020,09/19/2020,AR,Pope County,5115,20,431
09/23/2020,02/01/2020,09/19/2020,AR,Pulaski County,5119,217,4150
09/23/2020,02/01/2020,09/19/2020,AR,Randolph County,5121,10,106
09/23/2020,02/01/2020,09/19/2020,AR,Saline County,5125,13,586
09/23/2020,02/01/2020,09/19/2020,AR,Sebastian County,5131,67,1451
09/23/2020,02/01/2020,09/19/2020,AR,Union County,5139,27,344
09/23/2020,02/01/2020,09/19/2020,AR,Washington County,5143,116,1540
09/23/2020,02/01/2020,09/19/2020,AR,White County,5145,22,594
09/23/2020,02/01/2020,09/19/2020,CA,Alameda County,6001,357,7014
09/23/2020,02/01/2020,09/19/2020,CA,Amador County,6005,27,289
09/23/2020,02/01/2020,09/19/2020,CA,Butte County,6007,36,1405
09/23/2020,02/01/2020,09/19/2020,CA,Contra Costa County,6013,180,5231
09/23/2020,02/01/2020,09/19/2020,CA,Fresno County,6019,360,5307
09/23/2020,02/01/2020,09/19/2020,CA,Imperial County,6025,173,816
09/23/2020,02/01/2020,09/19/2020,CA,Inyo County,6027,13,128
09/23/2020,02/01/2020,09/19/2020,CA,Kern County,6029,360,4408
09/23/2020,02/01/2020,09/19/2020,CA,Kings County,6031,109,669
09/23/2020,02/01/2020,09/19/2020,CA,Los Angeles County,6037,5544,48607
09/23/2020,02/01/2020,09/19/2020,CA,Madera County,6039,79,683
09/23/2020,02/01/2020,09/19/2020,CA,Marin County,6041,80,1302
09/23/2020,02/01/2020,09/19/2020,CA,Mendocino County,6045,14,538
09/23/2020,02/01/2020,09/19/2020,CA,Merced County,6047,75,1045
09/23/2020,02/01/2020,09/19/2020,CA,Monterey County,6053,56,1774
09/23/2020,02/01/2020,09/19/2020,CA,Napa County,6055,18,811
09/23/2020,02/01/2020,09/19/2020,CA,Orange County,6059,1183,14485
09/23/2020,02/01/2020,09/19/2020,CA,Placer County,6061,76,2547
09/23/2020,02/01/2020,09/19/2020,CA,Riverside County,6065,1212,12531
09/23/2020,02/01/2020,09/19/2020,CA,Sacramento County,6067,347,8253
09/23/2020,02/01/2020,09/19/2020,CA,San Bernardino County,6071,1009,10943
09/23/2020,02/01/2020,09/19/2020,CA,San Diego County,6073,908,15553
09/23/2020,02/01/2020,09/19/2020,CA,San Francisco County,6075,103,4099
09/23/2020,02/01/2020,09/19/2020,CA,San Joaquin County,6077,397,3956
09/23/2020,02/01/2020,09/19/2020,CA,San Luis Obispo County,6079,24,1479
09/23/2020,02/01/2020,09/19/2020,CA,San Mateo County,6081,154,3076
09/23/2020,02/01/2020,09/19/2020,CA,Santa Barbara County,6083,113,2184
09/23/2020,02/01/2020,09/19/2020,CA,Santa Clara County,6085,285,7398
09/23/2020,02/01/2020,09/19/2020,CA,Santa Cruz County,6087,12,1053
09/23/2020,02/01/2020,09/19/2020,CA,Shasta County,6089,11,1556
09/23/2020,02/01/2020,09/19/2020,CA,Solano County,6095,77,2233
09/23/2020,02/01/2020,09/19/2020,CA,Sonoma County,6097,110,2852
09/23/2020,02/01/2020,09/19/2020,CA,Stanislaus County,6099,409,3691
09/23/2020,02/01/2020,09/19/2020,CA,Tulare County,6107,252,2192
09/23/2020,02/01/2020,09/19/2020,CA,Ventura County,6111,149,3817
09/23/2020,02/01/2020,09/19/2020,CA,Yolo County,6113,39,774
09/23/2020,02/01/2020,09/19/2020,CA,Yuba County,6115,14,513
09/23/2020,02/01/2020,09/19/2020,CO,Adams County,8001,271,2548
09/23/2020,02/01/2020,09/19/2020,CO,Arapahoe County,8005,400,3239
09/23/2020,02/01/2020,09/19/2020,CO,Boulder County,8013,83,1581
09/23/2020,02/01/2020,09/19/2020,CO,Broomfield County,8014,23,228
09/23/2020,02/01/2020,09/19/2020,CO,Chaffee County,8015,17,128
09/23/2020,02/01/2020,09/19/2020,CO,Denver County,8031,316,3673
09/23/2020,02/01/2020,09/19/2020,CO,Douglas County,8035,67,1134
09/23/2020,02/01/2020,09/19/2020,CO,El Paso County,8041,168,3540
09/23/2020,02/01/2020,09/19/2020,CO,Jefferson County,8059,239,3345
09/23/2020,02/01/2020,09/19/2020,CO,Larimer County,8069,63,1741
09/23/2020,02/01/2020,09/19/2020,CO,Mesa County,8077,18,1206
09/23/2020,02/01/2020,09/19/2020,CO,Montrose County,8085,14,278
09/23/2020,02/01/2020,09/19/2020,CO,Morgan County,8087,40,176
09/23/2020,02/01/2020,09/19/2020,CO,Pueblo County,8101,32,1387
09/23/2020,02/01/2020,09/19/2020,CO,Weld County,8123,120,1148
09/23/2020,02/01/2020,09/19/2020,CT,Fairfield County,9001,1432,5154
09/23/2020,02/01/2020,09/19/2020,CT,Hartford County,9003,1407,6058
09/23/2020,02/01/2020,09/19/2020,CT,Litchfield County,9005,131,922
09/23/2020,02/01/2020,09/19/2020,CT,Middlesex County,9007,178,928
09/23/2020,02/01/2020,09/19/2020,CT,New Haven County,9009,1094,5698
09/23/2020,02/01/2020,09/19/2020,CT,New London County,9011,102,1324
09/23/2020,02/01/2020,09/19/2020,CT,Tolland County,9013,46,442
09/23/2020,02/01/2020,09/19/2020,CT,Windham County,9015,12,512
09/23/2020,02/01/2020,09/19/2020,DE,Kent County,10001,108,1248
09/23/2020,02/01/2020,09/19/2020,DE,New Castle County,10003,269,3473
09/23/2020,02/01/2020,09/19/2020,DE,Sussex County,10005,183,1774
09/23/2020,02/01/2020,09/19/2020,DC,District of Columbia,11001,750,4692
09/23/2020,02/01/2020,09/19/2020,FL,Alachua County,12001,165,2479
09/23/2020,02/01/2020,09/19/2020,FL,Bay County,12005,111,1350
09/23/2020,02/01/2020,09/19/2020,FL,Brevard County,12009,299,5186
09/23/2020,02/01/2020,09/19/2020,FL,Broward County,12011,1544,11692
09/23/2020,02/01/2020,09/19/2020,FL,Charlotte County,12015,131,2072
09/23/2020,02/01/2020,09/19/2020,FL,Citrus County,12017,65,1850
09/23/2020,02/01/2020,09/19/2020,FL,Clay County,12019,93,1535
09/23/2020,02/01/2020,09/19/2020,FL,Collier County,12021,225,2617
09/23/2020,02/01/2020,09/19/2020,FL,Columbia County,12023,65,703
09/23/2020,02/01/2020,09/19/2020,FL,Duval County,12031,523,7153
09/23/2020,02/01/2020,09/19/2020,FL,Escambia County,12033,294,3280
09/23/2020,02/01/2020,09/19/2020,FL,Flagler County,12035,32,992
09/23/2020,02/01/2020,09/19/2020,FL,Hendry County,12051,16,134
09/23/2020,02/01/2020,09/19/2020,FL,Hernando County,12053,115,2010
09/23/2020,02/01/2020,09/19/2020,FL,Highlands County,12055,84,1231
09/23/2020,02/01/2020,09/19/2020,FL,Hillsborough County,12057,709,8646
09/23/2020,02/01/2020,09/19/2020,FL,Indian River County,12061,80,1527
09/23/2020,02/01/2020,09/19/2020,FL,Jackson County,12063,47,391
09/23/2020,02/01/2020,09/19/2020,FL,Lake County,12069,181,2900
09/23/2020,02/01/2020,09/19/2020,FL,Lee County,12071,426,5360
09/23/2020,02/01/2020,09/19/2020,FL,Leon County,12073,177,2058
09/23/2020,02/01/2020,09/19/2020,FL,Manatee County,12081,314,3163
09/23/2020,02/01/2020,09/19/2020,FL,Marion County,12083,223,3664
09/23/2020,02/01/2020,09/19/2020,FL,Martin County,12085,206,1492
09/23/2020,02/01/2020,09/19/2020,FL,Miami-Dade County,12086,2933,16736
09/23/2020,02/01/2020,09/19/2020,FL,Monroe County,12087,13,361
09/23/2020,02/01/2020,09/19/2020,FL,Nassau County,12089,14,461
09/23/2020,02/01/2020,09/19/2020,FL,Okaloosa County,12091,109,1347
09/23/2020,02/01/2020,09/19/2020,FL,Okeechobee County,12093,22,292
09/23/2020,02/01/2020,09/19/2020,FL,Orange County,12095,572,7069
09/23/2020,02/01/2020,09/19/2020,FL,Osceola County,12097,180,1793
09/23/2020,02/01/2020,09/19/2020,FL,Palm Beach County,12099,1179,11605
09/23/2020,02/01/2020,09/19/2020,FL,Pasco County,12101,163,4313
09/23/2020,02/01/2020,09/19/2020,FL,Pinellas County,12103,699,8954
09/23/2020,02/01/2020,09/19/2020,FL,Polk County,12105,473,5148
09/23/2020,02/01/2020,09/19/2020,FL,Putnam County,12107,23,552
09/23/2020,02/01/2020,09/19/2020,FL,St. Johns County,12109,32,1153
09/23/2020,02/01/2020,09/19/2020,FL,St. Lucie County,12111,173,2417
09/23/2020,02/01/2020,09/19/2020,FL,Santa Rosa County,12113,39,800
09/23/2020,02/01/2020,09/19/2020,FL,Sarasota County,12115,266,4237
09/23/2020,02/01/2020,09/19/2020,FL,Seminole County,12117,145,2373
09/23/2020,02/01/2020,09/19/2020,FL,Sumter County,12119,69,1607
09/23/2020,02/01/2020,09/19/2020,FL,Suwannee County,12121,18,243
09/23/2020,02/01/2020,09/19/2020,FL,Volusia County,12127,252,5202
09/23/2020,02/01/2020,09/19/2020,FL,Walton County,12131,29,424
09/23/2020,02/01/2020,09/19/2020,FL,Washington County,12133,20,194
09/23/2020,02/01/2020,09/19/2020,GA,Appling County,13001,14,104
09/23/2020,02/01/2020,09/19/2020,GA,Bacon County,13005,13,105
09/23/2020,02/01/2020,09/19/2020,GA,Baldwin County,13009,57,329
09/23/2020,02/01/2020,09/19/2020,GA,Barrow County,13013,19,280
09/23/2020,02/01/2020,09/19/2020,GA,Bartow County,13015,53,664
09/23/2020,02/01/2020,09/19/2020,GA,Ben Hill County,13017,17,128
09/23/2020,02/01/2020,09/19/2020,GA,Berrien County,13019,10,105
09/23/2020,02/01/2020,09/19/2020,GA,Bibb County,13021,211,1927
09/23/2020,02/01/2020,09/19/2020,GA,Bleckley County,13023,12,67
09/23/2020,02/01/2020,09/19/2020,GA,Bulloch County,13031,31,442
09/23/2020,02/01/2020,09/19/2020,GA,Butts County,13035,20,167
09/23/2020,02/01/2020,09/19/2020,GA,Candler County,13043,12,86
09/23/2020,02/01/2020,09/19/2020,GA,Carroll County,13045,61,792
09/23/2020,02/01/2020,09/19/2020,GA,Chatham County,13051,187,2417
09/23/2020,02/01/2020,09/19/2020,GA,Cherokee County,13057,47,869
09/23/2020,02/01/2020,09/19/2020,GA,Clarke County,13059,101,1059
09/23/2020,02/01/2020,09/19/2020,GA,Clayton County,13063,54,901
09/23/2020,02/01/2020,09/19/2020,GA,Cobb County,13067,389,3683
09/23/2020,02/01/2020,09/19/2020,GA,Coffee County,13069,36,272
09/23/2020,02/01/2020,09/19/2020,GA,Colquitt County,13071,38,383
09/23/2020,02/01/2020,09/19/2020,GA,Columbia County,13073,13,416
09/23/2020,02/01/2020,09/19/2020,GA,Coweta County,13077,31,647
09/23/2020,02/01/2020,09/19/2020,GA,Crisp County,13081,21,217
09/23/2020,02/01/2020,09/19/2020,GA,Decatur County,13087,12,197
09/23/2020,02/01/2020,09/19/2020,GA,DeKalb County,13089,242,3257
09/23/2020,02/01/2020,09/19/2020,GA,Dodge County,13091,10,128
09/23/2020,02/01/2020,09/19/2020,GA,Dougherty County,13095,195,986
09/23/2020,02/01/2020,09/19/2020,GA,Douglas County,13097,35,514
09/23/2020,02/01/2020,09/19/2020,GA,Early County,13099,14,94
09/23/2020,02/01/2020,09/19/2020,GA,Emanuel County,13107,27,167
09/23/2020,02/01/2020,09/19/2020,GA,Fayette County,13113,87,751
09/23/2020,02/01/2020,09/19/2020,GA,Floyd County,13115,73,1093
09/23/2020,02/01/2020,09/19/2020,GA,Forsyth County,13117,55,1029
09/23/2020,02/01/2020,09/19/2020,GA,Franklin County,13119,10,162
09/23/2020,02/01/2020,09/19/2020,GA,Fulton County,13121,603,6063
09/23/2020,02/01/2020,09/19/2020,GA,Glynn County,13127,87,789
09/23/2020,02/01/2020,09/19/2020,GA,Gordon County,13129,26,350
09/23/2020,02/01/2020,09/19/2020,GA,Grady County,13131,12,125
09/23/2020,02/01/2020,09/19/2020,GA,Gwinnett County,13135,282,2792
09/23/2020,02/01/2020,09/19/2020,GA,Habersham County,13137,30,264
09/23/2020,02/01/2020,09/19/2020,GA,Hall County,13139,199,1820
09/23/2020,02/01/2020,09/19/2020,GA,Henry County,13151,94,1255
09/23/2020,02/01/2020,09/19/2020,GA,Houston County,13153,65,843
09/23/2020,02/01/2020,09/19/2020,GA,Jeff Davis County,13161,13,119
09/23/2020,02/01/2020,09/19/2020,GA,Jefferson County,13163,11,108
09/23/2020,02/01/2020,09/19/2020,GA,Jenkins County,13165,12,55
09/23/2020,02/01/2020,09/19/2020,GA,Lamar County,13171,13,96
09/23/2020,02/01/2020,09/19/2020,GA,Laurens County,13175,68,552
09/23/2020,02/01/2020,09/19/2020,GA,Lowndes County,13185,132,822
09/23/2020,02/01/2020,09/19/2020,GA,Mitchell County,13205,15,136
09/23/2020,02/01/2020,09/19/2020,GA,Monroe County,13207,20,185
09/23/2020,02/01/2020,09/19/2020,GA,Muscogee County,13215,231,1917
09/23/2020,02/01/2020,09/19/2020,GA,Newton County,13217,47,510
09/23/2020,02/01/2020,09/19/2020,GA,Oconee County,13219,14,232
09/23/2020,02/01/2020,09/19/2020,GA,Paulding County,13223,26,524
09/23/2020,02/01/2020,09/19/2020,GA,Pulaski County,13235,19,75
09/23/2020,02/01/2020,09/19/2020,GA,Putnam County,13237,11,122
09/23/2020,02/01/2020,09/19/2020,GA,Richmond County,13245,285,2588
09/23/2020,02/01/2020,09/19/2020,GA,Rockdale County,13247,35,496
09/23/2020,02/01/2020,09/19/2020,GA,Spalding County,13255,82,757
09/23/2020,02/01/2020,09/19/2020,GA,Stephens County,13257,22,225
09/23/2020,02/01/2020,09/19/2020,GA,Sumter County,13261,42,234
09/23/2020,02/01/2020,09/19/2020,GA,Tattnall County,13267,10,111
09/23/2020,02/01/2020,09/19/2020,GA,Thomas County,13275,90,513
09/23/2020,02/01/2020,09/19/2020,GA,Tift County,13277,102,448
09/23/2020,02/01/2020,09/19/2020,GA,Toombs County,13279,45,348
09/23/2020,02/01/2020,09/19/2020,GA,Troup County,13285,87,569
09/23/2020,02/01/2020,09/19/2020,GA,Union County,13291,12,209
09/23/2020,02/01/2020,09/19/2020,GA,Upson County,13293,79,379
09/23/2020,02/01/2020,09/19/2020,GA,Walker County,13295,10,365
09/23/2020,02/01/2020,09/19/2020,GA,Walton County,13297,44,549
09/23/2020,02/01/2020,09/19/2020,GA,Ware County,13299,61,435
09/23/2020,02/01/2020,09/19/2020,GA,Wayne County,13305,21,216
09/23/2020,02/01/2020,09/19/2020,GA,Whitfield County,13313,48,576
09/23/2020,02/01/2020,09/19/2020,HI,Hawaii County,15001,13,1121
09/23/2020,02/01/2020,09/19/2020,HI,Honolulu County,15003,96,5262
09/23/2020,02/01/2020,09/19/2020,HI,Maui County,15009,13,754
09/23/2020,02/01/2020,09/19/2020,ID,Ada County,16001,191,2643
09/23/2020,02/01/2020,09/19/2020,ID,Bonneville County,16019,21,787
09/23/2020,02/01/2020,09/19/2020,ID,Canyon County,16027,74,1012
09/23/2020,02/01/2020,09/19/2020,ID,Kootenai County,16055,39,1191
09/23/2020,02/01/2020,09/19/2020,ID,Nez Perce County,16069,19,361
09/23/2020,02/01/2020,09/19/2020,ID,Shoshone County,16079,13,77
09/23/2020,02/01/2020,09/19/2020,ID,Twin Falls County,16083,51,632
09/23/2020,02/01/2020,09/19/2020,IL,Adams County,17001,15,623
09/23/2020,02/01/2020,09/19/2020,IL,Boone County,17007,11,224
09/23/2020,02/01/2020,09/19/2020,IL,Cass County,17017,10,55
09/23/2020,02/01/2020,09/19/2020,IL,Champaign County,17019,34,1158
09/23/2020,02/01/2020,09/19/2020,IL,Coles County,17029,24,423
09/23/2020,02/01/2020,09/19/2020,IL,Cook County,17031,4955,32857
09/23/2020,02/01/2020,09/19/2020,IL,DeKalb County,17037,32,532
09/23/2020,02/01/2020,09/19/2020,IL,DuPage County,17043,512,5035
09/23/2020,02/01/2020,09/19/2020,IL,Jackson County,17077,40,412
09/23/2020,02/01/2020,09/19/2020,IL,Jefferson County,17081,24,402
09/23/2020,02/01/2020,09/19/2020,IL,Kane County,17089,277,2444
09/23/2020,02/01/2020,09/19/2020,IL,Kankakee County,17091,71,848
09/23/2020,02/01/2020,09/19/2020,IL,Lake County,17097,393,3871
09/23/2020,02/01/2020,09/19/2020,IL,LaSalle County,17099,43,692
09/23/2020,02/01/2020,09/19/2020,IL,McDonough County,17109,16,196
09/23/2020,02/01/2020,09/19/2020,IL,McHenry County,17111,81,1169
09/23/2020,02/01/2020,09/19/2020,IL,McLean County,17113,21,866
09/23/2020,02/01/2020,09/19/2020,IL,Macon County,17115,33,851
09/23/2020,02/01/2020,09/19/2020,IL,Madison County,17119,85,1769
09/23/2020,02/01/2020,09/19/2020,IL,Morgan County,17137,17,254
09/23/2020,02/01/2020,09/19/2020,IL,Peoria County,17143,68,1955
09/23/2020,02/01/2020,09/19/2020,IL,Rock Island County,17161,59,1061
09/23/2020,02/01/2020,09/19/2020,IL,St. Clair County,17163,153,1790
09/23/2020,02/01/2020,09/19/2020,IL,Sangamon County,17167,62,1828
09/23/2020,02/01/2020,09/19/2020,IL,Whiteside County,17195,11,390
09/23/2020,02/01/2020,09/19/2020,IL,Will County,17197,299,3180
09/23/2020,02/01/2020,09/19/2020,IL,Williamson County,17199,26,581
09/23/2020,02/01/2020,09/19/2020,IL,Winnebago County,17201,158,2259
09/23/2020,02/01/2020,09/19/2020,IN,Allen County,18003,227,3011
09/23/2020,02/01/2020,09/19/2020,IN,Bartholomew County,18005,72,600
09/23/2020,02/01/2020,09/19/2020,IN,Boone County,18011,44,329
09/23/2020,02/01/2020,09/19/2020,IN,Clark County,18019,50,712
09/23/2020,02/01/2020,09/19/2020,IN,Daviess County,18027,14,190
09/23/2020,02/01/2020,09/19/2020,IN,Dearborn County,18029,36,274
09/23/2020,02/01/2020,09/19/2020,IN,Decatur County,18031,24,184
09/23/2020,02/01/2020,09/19/2020,IN,De Kalb County,18033,11,264
09/23/2020,02/01/2020,09/19/2020,IN,Delaware County,18035,62,1043
09/23/2020,02/01/2020,09/19/2020,IN,Dubois County,18037,13,321
09/23/2020,02/01/2020,09/19/2020,IN,Elkhart County,18039,104,1225
09/23/2020,02/01/2020,09/19/2020,IN,Floyd County,18043,78,716
09/23/2020,02/01/2020,09/19/2020,IN,Grant County,18053,29,501
09/23/2020,02/01/2020,09/19/2020,IN,Greene County,18055,30,171
09/23/2020,02/01/2020,09/19/2020,IN,Hamilton County,18057,104,1358
09/23/2020,02/01/2020,09/19/2020,IN,Hancock County,18059,32,420
09/23/2020,02/01/2020,09/19/2020,IN,Harrison County,18061,15,228
09/23/2020,02/01/2020,09/19/2020,IN,Hendricks County,18063,145,1059
09/23/2020,02/01/2020,09/19/2020,IN,Henry County,18065,11,316
09/23/2020,02/01/2020,09/19/2020,IN,Howard County,18067,65,742
09/23/2020,02/01/2020,09/19/2020,IN,Jackson County,18071,10,281
09/23/2020,02/01/2020,09/19/2020,IN,Johnson County,18081,86,791
09/23/2020,02/01/2020,09/19/2020,IN,Knox County,18083,14,328
09/23/2020,02/01/2020,09/19/2020,IN,Lake County,18089,408,4107
09/23/2020,02/01/2020,09/19/2020,IN,La Porte County,18091,40,801
09/23/2020,02/01/2020,09/19/2020,IN,Lawrence County,18093,29,300
09/23/2020,02/01/2020,09/19/2020,IN,Madison County,18095,80,941
09/23/2020,02/01/2020,09/19/2020,IN,Marion County,18097,920,7347
09/23/2020,02/01/2020,09/19/2020,IN,Marshall County,18099,27,305
09/23/2020,02/01/2020,09/19/2020,IN,Monroe County,18105,55,906
09/23/2020,02/01/2020,09/19/2020,IN,Montgomery County,18107,17,224
09/23/2020,02/01/2020,09/19/2020,IN,Morgan County,18109,32,365
09/23/2020,02/01/2020,09/19/2020,IN,Newton County,18111,10,77
09/23/2020,02/01/2020,09/19/2020,IN,Noble County,18113,24,254
09/23/2020,02/01/2020,09/19/2020,IN,Orange County,18117,16,112
09/23/2020,02/01/2020,09/19/2020,IN,Perry County,18123,12,114
09/23/2020,02/01/2020,09/19/2020,IN,Porter County,18127,39,1079
09/23/2020,02/01/2020,09/19/2020,IN,St. Joseph County,18141,103,1968
09/23/2020,02/01/2020,09/19/2020,IN,Shelby County,18145,26,271
09/23/2020,02/01/2020,09/19/2020,IN,Tippecanoe County,18157,42,1022
09/23/2020,02/01/2020,09/19/2020,IN,Tipton County,18159,24,119
09/23/2020,02/01/2020,09/19/2020,IN,Vanderburgh County,18163,60,1789
09/23/2020,02/01/2020,09/19/2020,IN,Vigo County,18167,41,922
09/23/2020,02/01/2020,09/19/2020,IN,Warrick County,18173,26,621
09/23/2020,02/01/2020,09/19/2020,IN,Wayne County,18177,23,708
09/23/2020,02/01/2020,09/19/2020,IA,Black Hawk County,19013,88,917
09/23/2020,02/01/2020,09/19/2020,IA,Cerro Gordo County,19033,27,470
09/23/2020,02/01/2020,09/19/2020,IA,Clinton County,19045,22,295
09/23/2020,02/01/2020,09/19/2020,IA,Dallas County,19049,35,287
09/23/2020,02/01/2020,09/19/2020,IA,Des Moines County,19057,13,304
09/23/2020,02/01/2020,09/19/2020,IA,Dubuque County,19061,39,632
09/23/2020,02/01/2020,09/19/2020,IA,Emmet County,19063,10,85
09/23/2020,02/01/2020,09/19/2020,IA,Franklin County,19069,10,76
09/23/2020,02/01/2020,09/19/2020,IA,Jasper County,19099,22,199
09/23/2020,02/01/2020,09/19/2020,IA,Johnson County,19103,80,1204
09/23/2020,02/01/2020,09/19/2020,IA,Linn County,19113,101,1318
09/23/2020,02/01/2020,09/19/2020,IA,Mahaska County,19123,18,161
09/23/2020,02/01/2020,09/19/2020,IA,Marshall County,19127,21,288
09/23/2020,02/01/2020,09/19/2020,IA,Muscatine County,19139,41,238
09/23/2020,02/01/2020,09/19/2020,IA,Plymouth County,19149,13,138
09/23/2020,02/01/2020,09/19/2020,IA,Polk County,19153,316,3367
09/23/2020,02/01/2020,09/19/2020,IA,Pottawattamie County,19155,32,656
09/23/2020,02/01/2020,09/19/2020,IA,Poweshiek County,19157,10,134
09/23/2020,02/01/2020,09/19/2020,IA,Scott County,19163,26,1200
09/23/2020,02/01/2020,09/19/2020,IA,Story County,19169,24,408
09/23/2020,02/01/2020,09/19/2020,IA,Tama County,19171,18,100
09/23/2020,02/01/2020,09/19/2020,IA,Wapello County,19179,39,279
09/23/2020,02/01/2020,09/19/2020,IA,Washington County,19183,11,150
09/23/2020,02/01/2020,09/19/2020,IA,Webster County,19187,23,335
09/23/2020,02/01/2020,09/19/2020,IA,Woodbury County,19193,105,838
09/23/2020,02/01/2020,09/19/2020,KS,Douglas County,20045,16,511
09/23/2020,02/01/2020,09/19/2020,KS,Finney County,20055,18,154
09/23/2020,02/01/2020,09/19/2020,KS,Ford County,20057,13,150
09/23/2020,02/01/2020,09/19/2020,KS,Johnson County,20091,147,2725
09/23/2020,02/01/2020,09/19/2020,KS,Lyon County,20111,24,174
09/23/2020,02/01/2020,09/19/2020,KS,Sedgwick County,20173,141,3760
09/23/2020,02/01/2020,09/19/2020,KS,Shawnee County,20177,44,1436
09/23/2020,02/01/2020,09/19/2020,KS,Wyandotte County,20209,135,1308
09/23/2020,02/01/2020,09/19/2020,KY,Barren County,21009,14,355
09/23/2020,02/01/2020,09/19/2020,KY,Boone County,21015,10,502
09/23/2020,02/01/2020,09/19/2020,KY,Boyle County,21021,18,320
09/23/2020,02/01/2020,09/19/2020,KY,Campbell County,21037,67,519
09/23/2020,02/01/2020,09/19/2020,KY,Daviess County,21059,35,839
09/23/2020,02/01/2020,09/19/2020,KY,Fayette County,21067,78,3241
09/23/2020,02/01/2020,09/19/2020,KY,Franklin County,21073,16,368
09/23/2020,02/01/2020,09/19/2020,KY,Graves County,21083,34,274
09/23/2020,02/01/2020,09/19/2020,KY,Hopkins County,21107,35,454
09/23/2020,02/01/2020,09/19/2020,KY,Jefferson County,21111,416,6757
09/23/2020,02/01/2020,09/19/2020,KY,Kenton County,21117,45,1118
09/23/2020,02/01/2020,09/19/2020,KY,Laurel County,21125,11,404
09/23/2020,02/01/2020,09/19/2020,KY,McCracken County,21145,16,782
09/23/2020,02/01/2020,09/19/2020,KY,Pike County,21195,18,783
09/23/2020,02/01/2020,09/19/2020,KY,Pulaski County,21199,10,583
09/23/2020,02/01/2020,09/19/2020,KY,Shelby County,21211,13,165
09/23/2020,02/01/2020,09/19/2020,KY,Warren County,21227,81,1039
09/23/2020,02/01/2020,09/19/2020,LA,Acadia Parish,22001,54,406
09/23/2020,02/01/2020,09/19/2020,LA,Allen Parish,22003,11,136
09/23/2020,02/01/2020,09/19/2020,LA,Ascension Parish,22005,30,375
09/23/2020,02/01/2020,09/19/2020,LA,Avoyelles Parish,22009,13,260
09/23/2020,02/01/2020,09/19/2020,LA,Beauregard Parish,22011,25,204
09/23/2020,02/01/2020,09/19/2020,LA,Bossier Parish,22015,63,648
09/23/2020,02/01/2020,09/19/2020,LA,Caddo Parish,22017,473,2704
09/23/2020,02/01/2020,09/19/2020,LA,Calcasieu Parish,22019,179,1553
09/23/2020,02/01/2020,09/19/2020,LA,Claiborne Parish,22027,11,105
09/23/2020,02/01/2020,09/19/2020,LA,De Soto Parish,22031,12,107
09/23/2020,02/01/2020,09/19/2020,LA,East Baton Rouge Parish,22033,708,4070
09/23/2020,02/01/2020,09/19/2020,LA,East Feliciana Parish,22037,10,120
09/23/2020,02/01/2020,09/19/2020,LA,Evangeline Parish,22039,18,220
09/23/2020,02/01/2020,09/19/2020,LA,Iberia Parish,22045,56,551
09/23/2020,02/01/2020,09/19/2020,LA,Jefferson Parish,22051,767,3964
09/23/2020,02/01/2020,09/19/2020,LA,Jefferson Davis Parish,22053,36,252
09/23/2020,02/01/2020,09/19/2020,LA,Lafayette Parish,22055,222,1813
09/23/2020,02/01/2020,09/19/2020,LA,Lafourche Parish,22057,120,674
09/23/2020,02/01/2020,09/19/2020,LA,Lincoln Parish,22061,55,328
09/23/2020,02/01/2020,09/19/2020,LA,Livingston Parish,22063,13,491
09/23/2020,02/01/2020,09/19/2020,LA,Natchitoches Parish,22069,14,217
09/23/2020,02/01/2020,09/19/2020,LA,Orleans Parish,22071,416,2859
09/23/2020,02/01/2020,09/19/2020,LA,Ouachita Parish,22073,201,1384
09/23/2020,02/01/2020,09/19/2020,LA,Pointe Coupee Parish,22077,18,154
09/23/2020,02/01/2020,09/19/2020,LA,Rapides Parish,22079,202,1435
09/23/2020,02/01/2020,09/19/2020,LA,St. Bernard Parish,22087,17,187
09/23/2020,02/01/2020,09/19/2020,LA,St. Charles Parish,22089,29,250
09/23/2020,02/01/2020,09/19/2020,LA,St. James Parish,22093,16,97
09/23/2020,02/01/2020,09/19/2020,LA,St. John the Baptist Parish,22095,33,196
09/23/2020,02/01/2020,09/19/2020,LA,St. Landry Parish,22097,94,639
09/23/2020,02/01/2020,09/19/2020,LA,St. Martin Parish,22099,20,269
09/23/2020,02/01/2020,09/19/2020,LA,St. Mary Parish,22101,49,317
09/23/2020,02/01/2020,09/19/2020,LA,St. Tammany Parish,22103,253,1895
09/23/2020,02/01/2020,09/19/2020,LA,Tangipahoa Parish,22105,87,887
09/23/2020,02/01/2020,09/19/2020,LA,Terrebonne Parish,22109,100,789
09/23/2020,02/01/2020,09/19/2020,LA,Union Parish,22111,21,170
09/23/2020,02/01/2020,09/19/2020,LA,Vermilion Parish,22113,19,345
09/23/2020,02/01/2020,09/19/2020,LA,Vernon Parish,22115,19,225
09/23/2020,02/01/2020,09/19/2020,LA,Washington Parish,22117,30,315
09/23/2020,02/01/2020,09/19/2020,LA,Webster Parish,22119,14,290
09/23/2020,02/01/2020,09/19/2020,LA,Winn Parish,22127,17,102
09/23/2020,02/01/2020,09/19/2020,ME,Androscoggin County,23001,11,898
09/23/2020,02/01/2020,09/19/2020,ME,Cumberland County,23005,88,2528
09/23/2020,02/01/2020,09/19/2020,ME,Kennebec County,23011,11,909
09/23/2020,02/01/2020,09/19/2020,ME,Waldo County,23027,16,194
09/23/2020,02/01/2020,09/19/2020,ME,York County,23031,12,984
09/23/2020,02/01/2020,09/19/2020,MD,Allegany County,24001,24,687
09/23/2020,02/01/2020,09/19/2020,MD,Anne Arundel County,24003,309,3170
09/23/2020,02/01/2020,09/19/2020,MD,Baltimore County,24005,663,6041
09/23/2020,02/01/2020,09/19/2020,MD,Calvert County,24009,15,415
09/23/2020,02/01/2020,09/19/2020,MD,Carroll County,24013,150,1179
09/23/2020,02/01/2020,09/19/2020,MD,Cecil County,24015,36,640
09/23/2020,02/01/2020,09/19/2020,MD,Charles County,24017,85,710
09/23/2020,02/01/2020,09/19/2020,MD,Frederick County,24021,130,1358
09/23/2020,02/01/2020,09/19/2020,MD,Harford County,24025,64,1408
09/23/2020,02/01/2020,09/19/2020,MD,Howard County,24027,94,1206
09/23/2020,02/01/2020,09/19/2020,MD,Kent County,24029,30,213
09/23/2020,02/01/2020,09/19/2020,MD,Montgomery County,24031,1106,5577
09/23/2020,02/01/2020,09/19/2020,MD,Prince George's County,24033,584,4142
09/23/2020,02/01/2020,09/19/2020,MD,St. Mary's County,24037,72,582
09/23/2020,02/01/2020,09/19/2020,MD,Talbot County,24041,26,438
09/23/2020,02/01/2020,09/19/2020,MD,Washington County,24043,39,1137
09/23/2020,02/01/2020,09/19/2020,MD,Wicomico County,24045,67,959
09/23/2020,02/01/2020,09/19/2020,MD,Worcester County,24047,38,466
09/23/2020,02/01/2020,09/19/2020,MD,Baltimore city,24510,648,6242
09/23/2020,02/01/2020,09/19/2020,MA,Barnstable County,25001,134,1865
09/23/2020,02/01/2020,09/19/2020,MA,Berkshire County,25003,41,999
09/23/2020,02/01/2020,09/19/2020,MA,Bristol County,25005,548,3622
09/23/2020,02/01/2020,09/19/2020,MA,Essex County,25009,1012,5301
09/23/2020,02/01/2020,09/19/2020,MA,Franklin County,25011,36,381
09/23/2020,02/01/2020,09/19/2020,MA,Hampden County,25013,674,3976
09/23/2020,02/01/2020,09/19/2020,MA,Hampshire County,25015,112,866
09/23/2020,02/01/2020,09/19/2020,MA,Middlesex County,25017,1866,8485
09/23/2020,02/01/2020,09/19/2020,MA,Norfolk County,25021,755,4107
09/23/2020,02/01/2020,09/19/2020,MA,Plymouth County,25023,610,3306
09/23/2020,02/01/2020,09/19/2020,MA,Suffolk County,25025,1269,6126
09/23/2020,02/01/2020,09/19/2020,MA,Worcester County,25027,980,5524
09/23/2020,02/01/2020,09/19/2020,MI,Alpena County,26007,15,268
09/23/2020,02/01/2020,09/19/2020,MI,Bay County,26017,34,942
09/23/2020,02/01/2020,09/19/2020,MI,Berrien County,26021,71,1132
09/23/2020,02/01/2020,09/19/2020,MI,Calhoun County,26025,38,1062
09/23/2020,02/01/2020,09/19/2020,MI,Crawford County,26039,11,139
09/23/2020,02/01/2020,09/19/2020,MI,Genesee County,26049,276,3413
09/23/2020,02/01/2020,09/19/2020,MI,Grand Traverse County,26055,16,933
09/23/2020,02/01/2020,09/19/2020,MI,Gratiot County,26057,16,296
09/23/2020,02/01/2020,09/19/2020,MI,Hillsdale County,26059,23,297
09/23/2020,02/01/2020,09/19/2020,MI,Ingham County,26065,74,2056
09/23/2020,02/01/2020,09/19/2020,MI,Jackson County,26075,82,1234
09/23/2020,02/01/2020,09/19/2020,MI,Kalamazoo County,26077,110,2010
09/23/2020,02/01/2020,09/19/2020,MI,Kent County,26081,163,4022
09/23/2020,02/01/2020,09/19/2020,MI,Lapeer County,26087,33,563
09/23/2020,02/01/2020,09/19/2020,MI,Livingston County,26093,35,885
09/23/2020,02/01/2020,09/19/2020,MI,Macomb County,26099,692,5771
09/23/2020,02/01/2020,09/19/2020,MI,Marquette County,26103,13,471
09/23/2020,02/01/2020,09/19/2020,MI,Monroe County,26115,11,770
09/23/2020,02/01/2020,09/19/2020,MI,Muskegon County,26121,81,1263
09/23/2020,02/01/2020,09/19/2020,MI,Oakland County,26125,1382,9539
09/23/2020,02/01/2020,09/19/2020,MI,Ottawa County,26139,42,1254
09/23/2020,02/01/2020,09/19/2020,MI,Saginaw County,26145,161,1809
09/23/2020,02/01/2020,09/19/2020,MI,St. Clair County,26147,45,1110
09/23/2020,02/01/2020,09/19/2020,MI,Shiawassee County,26155,19,458
09/23/2020,02/01/2020,09/19/2020,MI,Tuscola County,26157,12,291
09/23/2020,02/01/2020,09/19/2020,MI,Washtenaw County,26161,268,2653
09/23/2020,02/01/2020,09/19/2020,MI,Wayne County,26163,2321,14552
09/23/2020,02/01/2020,09/19/2020,MN,Anoka County,27003,154,1459
09/23/2020,02/01/2020,09/19/2020,MN,Blue Earth County,27013,14,370
09/23/2020,02/01/2020,09/19/2020,MN,Clay County,27027,27,214
09/23/2020,02/01/2020,09/19/2020,MN,Crow Wing County,27035,17,383
09/23/2020,02/01/2020,09/19/2020,MN,Dakota County,27037,63,1487
09/23/2020,02/01/2020,09/19/2020,MN,Hennepin County,27053,909,7430
09/23/2020,02/01/2020,09/19/2020,MN,Itasca County,27061,10,287
09/23/2020,02/01/2020,09/19/2020,MN,Nicollet County,27103,11,117
09/23/2020,02/01/2020,09/19/2020,MN,Olmsted County,27109,39,1314
09/23/2020,02/01/2020,09/19/2020,MN,Ramsey County,27123,400,3668
09/23/2020,02/01/2020,09/19/2020,MN,St. Louis County,27137,41,1735
09/23/2020,02/01/2020,09/19/2020,MN,Scott County,27139,21,440
09/23/2020,02/01/2020,09/19/2020,MN,Sherburne County,27141,10,339
09/23/2020,02/01/2020,09/19/2020,MN,Stearns County,27145,34,1136
09/23/2020,02/01/2020,09/19/2020,MN,Washington County,27163,35,1001
09/23/2020,02/01/2020,09/19/2020,MN,Winona County,27169,19,235
09/23/2020,02/01/2020,09/19/2020,MS,Adams County,28001,37,273
09/23/2020,02/01/2020,09/19/2020,MS,Alcorn County,28003,28,375
09/23/2020,02/01/2020,09/19/2020,MS,Attala County,28007,13,161
09/23/2020,02/01/2020,09/19/2020,MS,Bolivar County,28011,35,245
09/23/2020,02/01/2020,09/19/2020,MS,Clarke County,28023,15,88
09/23/2020,02/01/2020,09/19/2020,MS,Coahoma County,28027,22,193
09/23/2020,02/01/2020,09/19/2020,MS,Copiah County,28029,12,161
09/23/2020,02/01/2020,09/19/2020,MS,DeSoto County,28033,105,1023
09/23/2020,02/01/2020,09/19/2020,MS,Forrest County,28035,178,1100
09/23/2020,02/01/2020,09/19/2020,MS,Grenada County,28043,17,203
09/23/2020,02/01/2020,09/19/2020,MS,Hancock County,28045,11,241
09/23/2020,02/01/2020,09/19/2020,MS,Harrison County,28047,79,1583
09/23/2020,02/01/2020,09/19/2020,MS,Hinds County,28049,445,3165
09/23/2020,02/01/2020,09/19/2020,MS,Holmes County,28051,17,120
09/23/2020,02/01/2020,09/19/2020,MS,Jackson County,28059,64,1014
09/23/2020,02/01/2020,09/19/2020,MS,Jones County,28067,66,491
09/23/2020,02/01/2020,09/19/2020,MS,Lafayette County,28071,90,545
09/23/2020,02/01/2020,09/19/2020,MS,Lamar County,28073,55,370
09/23/2020,02/01/2020,09/19/2020,MS,Lauderdale County,28075,235,1052
09/23/2020,02/01/2020,09/19/2020,MS,Leake County,28079,11,114
09/23/2020,02/01/2020,09/19/2020,MS,Lee County,28081,183,1470
09/23/2020,02/01/2020,09/19/2020,MS,Leflore County,28083,82,374
09/23/2020,02/01/2020,09/19/2020,MS,Lincoln County,28085,44,290
09/23/2020,02/01/2020,09/19/2020,MS,Lowndes County,28087,77,562
09/23/2020,02/01/2020,09/19/2020,MS,Madison County,28089,53,682
09/23/2020,02/01/2020,09/19/2020,MS,Monroe County,28095,46,271
09/23/2020,02/01/2020,09/19/2020,MS,Montgomery County,28097,11,94
09/23/2020,02/01/2020,09/19/2020,MS,Neshoba County,28099,18,202
09/23/2020,02/01/2020,09/19/2020,MS,Oktibbeha County,28105,40,227
09/23/2020,02/01/2020,09/19/2020,MS,Pearl River County,28109,25,373
09/23/2020,02/01/2020,09/19/2020,MS,Pike County,28113,48,388
09/23/2020,02/01/2020,09/19/2020,MS,Rankin County,28121,35,670
09/23/2020,02/01/2020,09/19/2020,MS,Simpson County,28127,24,185
09/23/2020,02/01/2020,09/19/2020,MS,Sunflower County,28133,28,211
09/23/2020,02/01/2020,09/19/2020,MS,Tate County,28137,11,135
09/23/2020,02/01/2020,09/19/2020,MS,Tishomingo County,28141,22,175
09/23/2020,02/01/2020,09/19/2020,MS,Warren County,28149,63,415
09/23/2020,02/01/2020,09/19/2020,MS,Washington County,28151,71,481
09/23/2020,02/01/2020,09/19/2020,MS,Wayne County,28153,19,138
09/23/2020,02/01/2020,09/19/2020,MS,Webster County,28155,13,91
09/23/2020,02/01/2020,09/19/2020,MS,Winston County,28159,11,118
09/23/2020,02/01/2020,09/19/2020,MS,Yazoo County,28163,14,165
09/23/2020,02/01/2020,09/19/2020,MO,Boone County,29019,27,1384
09/23/2020,02/01/2020,09/19/2020,MO,Buchanan County,29021,12,663
09/23/2020,02/01/2020,09/19/2020,MO,Butler County,29023,11,445
09/23/2020,02/01/2020,09/19/2020,MO,Cape Girardeau County,29031,34,909
09/23/2020,02/01/2020,09/19/2020,MO,Cass County,29037,20,489
09/23/2020,02/01/2020,09/19/2020,MO,Clay County,29047,58,1479
09/23/2020,02/01/2020,09/19/2020,MO,Cole County,29051,20,572
09/23/2020,02/01/2020,09/19/2020,MO,Franklin County,29071,28,600
09/23/2020,02/01/2020,09/19/2020,MO,Gasconade County,29073,10,126
09/23/2020,02/01/2020,09/19/2020,MO,Greene County,29077,73,2721
09/23/2020,02/01/2020,09/19/2020,MO,Jackson County,29095,189,5109
09/23/2020,02/01/2020,09/19/2020,MO,Jasper County,29097,23,579
09/23/2020,02/01/2020,09/19/2020,MO,Jefferson County,29099,34,965
09/23/2020,02/01/2020,09/19/2020,MO,Marion County,29127,11,245
09/23/2020,02/01/2020,09/19/2020,MO,Newton County,29145,45,953
09/23/2020,02/01/2020,09/19/2020,MO,Pemiscot County,29155,11,128
09/23/2020,02/01/2020,09/19/2020,MO,St. Charles County,29183,117,1976
09/23/2020,02/01/2020,09/19/2020,MO,St. Louis County,29189,799,8580
09/23/2020,02/01/2020,09/19/2020,MO,Scott County,29201,14,289
09/23/2020,02/01/2020,09/19/2020,MO,Taney County,29213,20,359
09/23/2020,02/01/2020,09/19/2020,MO,St. Louis city,29510,222,3113
09/23/2020,02/01/2020,09/19/2020,MT,Flathead County,30029,17,727
09/23/2020,02/01/2020,09/19/2020,MT,Yellowstone County,30111,74,1285
09/23/2020,02/01/2020,09/19/2020,NE,Adams County,31001,14,203
09/23/2020,02/01/2020,09/19/2020,NE,Buffalo County,31019,18,357
09/23/2020,02/01/2020,09/19/2020,NE,Dakota County,31043,10,76
09/23/2020,02/01/2020,09/19/2020,NE,Dodge County,31053,12,273
09/23/2020,02/01/2020,09/19/2020,NE,Douglas County,31055,227,3549
09/23/2020,02/01/2020,09/19/2020,NE,Hall County,31079,37,346
09/23/2020,02/01/2020,09/19/2020,NE,Hamilton County,31081,15,55
09/23/2020,02/01/2020,09/19/2020,NE,Lancaster County,31109,44,1834
09/23/2020,02/01/2020,09/19/2020,NE,Perkins County,31135,10,29
09/23/2020,02/01/2020,09/19/2020,NE,Sarpy County,31153,12,581
09/23/2020,02/01/2020,09/19/2020,NV,Clark County,32003,1198,13075
09/23/2020,02/01/2020,09/19/2020,NV,Washoe County,32031,158,3167
09/23/2020,02/01/2020,09/19/2020,NV,Carson City,32510,11,711
09/23/2020,02/01/2020,09/19/2020,NH,Hillsborough County,33011,293,2524
09/23/2020,02/01/2020,09/19/2020,NH,Merrimack County,33013,24,1021
09/23/2020,02/01/2020,09/19/2020,NH,Rockingham County,33015,83,1557
09/23/2020,02/01/2020,09/19/2020,NJ,Atlantic County,34001,205,2057
09/23/2020,02/01/2020,09/19/2020,NJ,Bergen County,34003,2055,7079
09/23/2020,02/01/2020,09/19/2020,NJ,Burlington County,34005,431,2657
09/23/2020,02/01/2020,09/19/2020,NJ,Camden County,34007,563,4420
09/23/2020,02/01/2020,09/19/2020,NJ,Cape May County,34009,75,772
09/23/2020,02/01/2020,09/19/2020,NJ,Cumberland County,34011,117,1102
09/23/2020,02/01/2020,09/19/2020,NJ,Essex County,34013,2016,6602
09/23/2020,02/01/2020,09/19/2020,NJ,Gloucester County,34015,202,1850
09/23/2020,02/01/2020,09/19/2020,NJ,Hudson County,34017,1083,3418
09/23/2020,02/01/2020,09/19/2020,NJ,Hunterdon County,34019,120,639
09/23/2020,02/01/2020,09/19/2020,NJ,Mercer County,34021,528,2341
09/23/2020,02/01/2020,09/19/2020,NJ,Middlesex County,34023,1465,5823
09/23/2020,02/01/2020,09/19/2020,NJ,Monmouth County,34025,856,4858
09/23/2020,02/01/2020,09/19/2020,NJ,Morris County,34027,988,4124
09/23/2020,02/01/2020,09/19/2020,NJ,Ocean County,34029,828,5097
09/23/2020,02/01/2020,09/19/2020,NJ,Passaic County,34031,990,3346
09/23/2020,02/01/2020,09/19/2020,NJ,Salem County,34033,60,463
09/23/2020,02/01/2020,09/19/2020,NJ,Somerset County,34035,397,1832
09/23/2020,02/01/2020,09/19/2020,NJ,Sussex County,34037,158,866
09/23/2020,02/01/2020,09/19/2020,NJ,Union County,34039,992,3682
09/23/2020,02/01/2020,09/19/2020,NJ,Warren County,34041,138,705
09/23/2020,02/01/2020,09/19/2020,NM,Bernalillo County,35001,335,4916
09/23/2020,02/01/2020,09/19/2020,NM,Dona Ana County,35013,37,1234
09/23/2020,02/01/2020,09/19/2020,NM,McKinley County,35031,91,402
09/23/2020,02/01/2020,09/19/2020,NM,Sandoval County,35043,83,887
09/23/2020,02/01/2020,09/19/2020,NM,San Juan County,35045,188,836
09/23/2020,02/01/2020,09/19/2020,NM,Santa Fe County,35049,13,852
09/23/2020,02/01/2020,09/19/2020,NY,Albany County,36001,205,2591
09/23/2020,02/01/2020,09/19/2020,NY,Bronx County,36005,4291,12594
09/23/2020,02/01/2020,09/19/2020,NY,Broome County,36007,101,1619
09/23/2020,02/01/2020,09/19/2020,NY,Columbia County,36021,47,423
09/23/2020,02/01/2020,09/19/2020,NY,Dutchess County,36027,200,1879
09/23/2020,02/01/2020,09/19/2020,NY,Erie County,36029,719,7274
09/23/2020,02/01/2020,09/19/2020,NY,Fulton County,36035,31,334
09/23/2020,02/01/2020,09/19/2020,NY,Herkimer County,36043,13,318
09/23/2020,02/01/2020,09/19/2020,NY,Kings County,36047,6057,17010
09/23/2020,02/01/2020,09/19/2020,NY,Madison County,36053,12,344
09/23/2020,02/01/2020,09/19/2020,NY,Monroe County,36055,342,5431
09/23/2020,02/01/2020,09/19/2020,NY,Montgomery County,36057,10,387
09/23/2020,02/01/2020,09/19/2020,NY,Nassau County,36059,3225,11205
09/23/2020,02/01/2020,09/19/2020,NY,New York County,36061,3951,12966
09/23/2020,02/01/2020,09/19/2020,NY,Niagara County,36063,79,1467
09/23/2020,02/01/2020,09/19/2020,NY,Oneida County,36065,132,1883
09/23/2020,02/01/2020,09/19/2020,NY,Onondaga County,36067,246,3705
09/23/2020,02/01/2020,09/19/2020,NY,Ontario County,36069,31,706
09/23/2020,02/01/2020,09/19/2020,NY,Orange County,36071,475,2284
09/23/2020,02/01/2020,09/19/2020,NY,Orleans County,36073,44,224
09/23/2020,02/01/2020,09/19/2020,NY,Otsego County,36077,12,540
09/23/2020,02/01/2020,09/19/2020,NY,Putnam County,36079,69,384
09/23/2020,02/01/2020,09/19/2020,NY,Queens County,36081,5433,14857
09/23/2020,02/01/2020,09/19/2020,NY,Rensselaer County,36083,41,989
09/23/2020,02/01/2020,09/19/2020,NY,Richmond County,36085,980,3442
09/23/2020,02/01/2020,09/19/2020,NY,Rockland County,36087,655,2092
09/23/2020,02/01/2020,09/19/2020,NY,Schenectady County,36093,34,1067
09/23/2020,02/01/2020,09/19/2020,NY,Steuben County,36101,36,629
09/23/2020,02/01/2020,09/19/2020,NY,Suffolk County,36103,2698,10905
09/23/2020,02/01/2020,09/19/2020,NY,Sullivan County,36105,43,434
09/23/2020,02/01/2020,09/19/2020,NY,Tioga County,36107,18,202
09/23/2020,02/01/2020,09/19/2020,NY,Ulster County,36111,59,932
09/23/2020,02/01/2020,09/19/2020,NY,Warren County,36113,43,644
09/23/2020,02/01/2020,09/19/2020,NY,Washington County,36115,12,362
09/23/2020,02/01/2020,09/19/2020,NY,Westchester County,36119,1882,6563
09/23/2020,02/01/2020,09/19/2020,NC,Alamance County,37001,18,868
09/23/2020,02/01/2020,09/19/2020,NC,Brunswick County,37019,15,719
09/23/2020,02/01/2020,09/19/2020,NC,Buncombe County,37021,88,2073
09/23/2020,02/01/2020,09/19/2020,NC,Burke County,37023,31,542
09/23/2020,02/01/2020,09/19/2020,NC,Cabarrus County,37025,62,1095
09/23/2020,02/01/2020,09/19/2020,NC,Caldwell County,37027,10,458
09/23/2020,02/01/2020,09/19/2020,NC,Catawba County,37035,40,1038
09/23/2020,02/01/2020,09/19/2020,NC,Chatham County,37037,48,489
09/23/2020,02/01/2020,09/19/2020,NC,Cleveland County,37045,22,634
09/23/2020,02/01/2020,09/19/2020,NC,Columbus County,37047,18,389
09/23/2020,02/01/2020,09/19/2020,NC,Craven County,37049,24,671
09/23/2020,02/01/2020,09/19/2020,NC,Cumberland County,37051,71,1599
09/23/2020,02/01/2020,09/19/2020,NC,Davidson County,37057,18,802
09/23/2020,02/01/2020,09/19/2020,NC,Duplin County,37061,18,246
09/23/2020,02/01/2020,09/19/2020,NC,Durham County,37063,139,1913
09/23/2020,02/01/2020,09/19/2020,NC,Edgecombe County,37065,11,314
09/23/2020,02/01/2020,09/19/2020,NC,Forsyth County,37067,100,2765
09/23/2020,02/01/2020,09/19/2020,NC,Franklin County,37069,10,204
09/23/2020,02/01/2020,09/19/2020,NC,Gaston County,37071,39,1296
09/23/2020,02/01/2020,09/19/2020,NC,Guilford County,37081,187,2785
09/23/2020,02/01/2020,09/19/2020,NC,Harnett County,37085,26,462
09/23/2020,02/01/2020,09/19/2020,NC,Haywood County,37087,27,419
09/23/2020,02/01/2020,09/19/2020,NC,Henderson County,37089,61,776
09/23/2020,02/01/2020,09/19/2020,NC,Hertford County,37091,20,175
09/23/2020,02/01/2020,09/19/2020,NC,Iredell County,37097,24,909
09/23/2020,02/01/2020,09/19/2020,NC,Johnston County,37101,26,740
09/23/2020,02/01/2020,09/19/2020,NC,Lenoir County,37107,16,317
09/23/2020,02/01/2020,09/19/2020,NC,Lincoln County,37109,13,406
09/23/2020,02/01/2020,09/19/2020,NC,McDowell County,37111,11,198
09/23/2020,02/01/2020,09/19/2020,NC,Mecklenburg County,37119,252,4394
09/23/2020,02/01/2020,09/19/2020,NC,Moore County,37125,46,834
09/23/2020,02/01/2020,09/19/2020,NC,Nash County,37127,18,546
09/23/2020,02/01/2020,09/19/2020,NC,New Hanover County,37129,50,1707
09/23/2020,02/01/2020,09/19/2020,NC,Onslow County,37133,13,524
09/23/2020,02/01/2020,09/19/2020,NC,Orange County,37135,63,720
09/23/2020,02/01/2020,09/19/2020,NC,Pasquotank County,37139,21,305
09/23/2020,02/01/2020,09/19/2020,NC,Pitt County,37147,50,1447
09/23/2020,02/01/2020,09/19/2020,NC,Randolph County,37151,19,697
09/23/2020,02/01/2020,09/19/2020,NC,Robeson County,37155,49,699
09/23/2020,02/01/2020,09/19/2020,NC,Rowan County,37159,53,853
09/23/2020,02/01/2020,09/19/2020,NC,Rutherford County,37161,12,430
09/23/2020,02/01/2020,09/19/2020,NC,Scotland County,37165,12,301
09/23/2020,02/01/2020,09/19/2020,NC,Stanly County,37167,11,358
09/23/2020,02/01/2020,09/19/2020,NC,Surry County,37171,10,546
09/23/2020,02/01/2020,09/19/2020,NC,Union County,37179,34,751
09/23/2020,02/01/2020,09/19/2020,NC,Vance County,37181,45,315
09/23/2020,02/01/2020,09/19/2020,NC,Wake County,37183,224,3763
09/23/2020,02/01/2020,09/19/2020,NC,Wayne County,37191,58,902
09/23/2020,02/01/2020,09/19/2020,NC,Wilson County,37195,37,494
09/23/2020,02/01/2020,09/19/2020,ND,Burleigh County,38015,30,737
09/23/2020,02/01/2020,09/19/2020,ND,Cass County,38017,104,1280
09/23/2020,02/01/2020,09/19/2020,ND,Grand Forks County,38035,19,443
09/23/2020,02/01/2020,09/19/2020,ND,Ward County,38101,10,422
09/23/2020,02/01/2020,09/19/2020,OH,Allen County,39003,68,938
09/23/2020,02/01/2020,09/19/2020,OH,Ashtabula County,39007,34,621
09/23/2020,02/01/2020,09/19/2020,OH,Butler County,39017,80,2077
09/23/2020,02/01/2020,09/19/2020,OH,Clark County,39023,28,1045
09/23/2020,02/01/2020,09/19/2020,OH,Columbiana County,39029,52,723
09/23/2020,02/01/2020,09/19/2020,OH,Cuyahoga County,39035,673,10721
09/23/2020,02/01/2020,09/19/2020,OH,Darke County,39037,31,346
09/23/2020,02/01/2020,09/19/2020,OH,Erie County,39043,36,736
09/23/2020,02/01/2020,09/19/2020,OH,Fairfield County,39045,32,874
09/23/2020,02/01/2020,09/19/2020,OH,Franklin County,39049,679,8951
09/23/2020,02/01/2020,09/19/2020,OH,Geauga County,39055,50,588
09/23/2020,02/01/2020,09/19/2020,OH,Greene County,39057,15,766
09/23/2020,02/01/2020,09/19/2020,OH,Hamilton County,39061,295,6543
09/23/2020,02/01/2020,09/19/2020,OH,Hancock County,39063,17,557
09/23/2020,02/01/2020,09/19/2020,OH,Lake County,39085,32,1282
09/23/2020,02/01/2020,09/19/2020,OH,Licking County,39089,48,1005
09/23/2020,02/01/2020,09/19/2020,OH,Lorain County,39093,58,1739
09/23/2020,02/01/2020,09/19/2020,OH,Lucas County,39095,390,3799
09/23/2020,02/01/2020,09/19/2020,OH,Mahoning County,39099,279,2445
09/23/2020,02/01/2020,09/19/2020,OH,Marion County,39101,33,463
09/23/2020,02/01/2020,09/19/2020,OH,Medina County,39103,22,843
09/23/2020,02/01/2020,09/19/2020,OH,Miami County,39109,33,637
09/23/2020,02/01/2020,09/19/2020,OH,Montgomery County,39113,190,4975
09/23/2020,02/01/2020,09/19/2020,OH,Ottawa County,39123,17,215
09/23/2020,02/01/2020,09/19/2020,OH,Pickaway County,39129,13,303
09/23/2020,02/01/2020,09/19/2020,OH,Portage County,39133,45,863
09/23/2020,02/01/2020,09/19/2020,OH,Putnam County,39137,11,152
09/23/2020,02/01/2020,09/19/2020,OH,Richland County,39139,17,902
09/23/2020,02/01/2020,09/19/2020,OH,Sandusky County,39143,14,349
09/23/2020,02/01/2020,09/19/2020,OH,Stark County,39151,160,3078
09/23/2020,02/01/2020,09/19/2020,OH,Summit County,39153,210,4125
09/23/2020,02/01/2020,09/19/2020,OH,Trumbull County,39155,75,1332
09/23/2020,02/01/2020,09/19/2020,OH,Tuscarawas County,39157,18,692
09/23/2020,02/01/2020,09/19/2020,OH,Warren County,39165,30,1122
09/23/2020,02/01/2020,09/19/2020,OH,Washington County,39167,27,534
09/23/2020,02/01/2020,09/19/2020,OH,Wayne County,39169,60,718
09/23/2020,02/01/2020,09/19/2020,OH,Wood County,39173,42,809
09/23/2020,02/01/2020,09/19/2020,OK,Caddo County,40015,11,174
09/23/2020,02/01/2020,09/19/2020,OK,Canadian County,40017,10,422
09/23/2020,02/01/2020,09/19/2020,OK,Cleveland County,40027,76,1251
09/23/2020,02/01/2020,09/19/2020,OK,Comanche County,40031,17,655
09/23/2020,02/01/2020,09/19/2020,OK,Delaware County,40041,20,301
09/23/2020,02/01/2020,09/19/2020,OK,Garfield County,40047,25,491
09/23/2020,02/01/2020,09/19/2020,OK,McCurtain County,40089,10,188
09/23/2020,02/01/2020,09/19/2020,OK,Muskogee County,40101,38,610
09/23/2020,02/01/2020,09/19/2020,OK,Oklahoma County,40109,299,6579
09/23/2020,02/01/2020,09/19/2020,OK,Pittsburg County,40121,14,339
09/23/2020,02/01/2020,09/19/2020,OK,Rogers County,40131,10,474
09/23/2020,02/01/2020,09/19/2020,OK,Tulsa County,40143,298,5430
09/23/2020,02/01/2020,09/19/2020,OK,Washington County,40147,38,462
09/23/2020,02/01/2020,09/19/2020,OR,Clackamas County,41005,49,2238
09/23/2020,02/01/2020,09/19/2020,OR,Deschutes County,41017,19,1062
09/23/2020,02/01/2020,09/19/2020,OR,Lane County,41039,14,2538
09/23/2020,02/01/2020,09/19/2020,OR,Lincoln County,41041,12,350
09/23/2020,02/01/2020,09/19/2020,OR,Linn County,41043,11,906
09/23/2020,02/01/2020,09/19/2020,OR,Marion County,41047,70,1867
09/23/2020,02/01/2020,09/19/2020,OR,Multnomah County,41051,160,4316
09/23/2020,02/01/2020,09/19/2020,OR,Umatilla County,41059,31,409
09/23/2020,02/01/2020,09/19/2020,OR,Washington County,41067,71,2324
09/23/2020,02/01/2020,09/19/2020,OR,Yamhill County,41071,13,591
09/23/2020,02/01/2020,09/19/2020,PA,Adams County,42001,14,580
09/23/2020,02/01/2020,09/19/2020,PA,Allegheny County,42003,403,10685
09/23/2020,02/01/2020,09/19/2020,PA,Armstrong County,42005,11,405
09/23/2020,02/01/2020,09/19/2020,PA,Beaver County,42007,111,1274
09/23/2020,02/01/2020,09/19/2020,PA,Berks County,42011,377,2771
09/23/2020,02/01/2020,09/19/2020,PA,Blair County,42013,22,1218
09/23/2020,02/01/2020,09/19/2020,PA,Bucks County,42017,580,4309
09/23/2020,02/01/2020,09/19/2020,PA,Butler County,42019,12,1195
09/23/2020,02/01/2020,09/19/2020,PA,Carbon County,42025,20,411
09/23/2020,02/01/2020,09/19/2020,PA,Chester County,42029,414,3015
09/23/2020,02/01/2020,09/19/2020,PA,Columbia County,42037,26,304
09/23/2020,02/01/2020,09/19/2020,PA,Cumberland County,42041,104,1699
09/23/2020,02/01/2020,09/19/2020,PA,Dauphin County,42043,191,2278
09/23/2020,02/01/2020,09/19/2020,PA,Delaware County,42045,751,3817
09/23/2020,02/01/2020,09/19/2020,PA,Erie County,42049,45,2103
09/23/2020,02/01/2020,09/19/2020,PA,Franklin County,42055,52,1059
09/23/2020,02/01/2020,09/19/2020,PA,Lackawanna County,42069,240,2078
09/23/2020,02/01/2020,09/19/2020,PA,Lancaster County,42071,433,3662
09/23/2020,02/01/2020,09/19/2020,PA,Lawrence County,42073,20,674
09/23/2020,02/01/2020,09/19/2020,PA,Lebanon County,42075,52,946
09/23/2020,02/01/2020,09/19/2020,PA,Lehigh County,42077,504,3416
09/23/2020,02/01/2020,09/19/2020,PA,Luzerne County,42079,186,2712
09/23/2020,02/01/2020,09/19/2020,PA,Lycoming County,42081,29,897
09/23/2020,02/01/2020,09/19/2020,PA,Mercer County,42085,14,847
09/23/2020,02/01/2020,09/19/2020,PA,Monroe County,42089,111,969
09/23/2020,02/01/2020,09/19/2020,PA,Montgomery County,42091,1147,6371
09/23/2020,02/01/2020,09/19/2020,PA,Montour County,42093,34,805
09/23/2020,02/01/2020,09/19/2020,PA,Northampton County,42095,274,2018
09/23/2020,02/01/2020,09/19/2020,PA,Northumberland County,42097,35,560
09/23/2020,02/01/2020,09/19/2020,PA,Philadelphia County,42101,1620,11508
09/23/2020,02/01/2020,09/19/2020,PA,Pike County,42103,13,205
09/23/2020,02/01/2020,09/19/2020,PA,Schuylkill County,42107,33,1058
09/23/2020,02/01/2020,09/19/2020,PA,Susquehanna County,42115,34,291
09/23/2020,02/01/2020,09/19/2020,PA,Union County,42119,10,283
09/23/2020,02/01/2020,09/19/2020,PA,Washington County,42125,23,1541
09/23/2020,02/01/2020,09/19/2020,PA,Wayne County,42127,12,357
09/23/2020,02/01/2020,09/19/2020,PA,Westmoreland County,42129,42,2277
09/23/2020,02/01/2020,09/19/2020,PA,York County,42133,138,2827
09/23/2020,02/01/2020,09/19/2020,RI,Kent County,44003,115,1050
09/23/2020,02/01/2020,09/19/2020,RI,Providence County,44007,868,4884
09/23/2020,02/01/2020,09/19/2020,RI,Washington County,44009,57,719
09/23/2020,02/01/2020,09/19/2020,SC,Aiken County,45003,66,1180
09/23/2020,02/01/2020,09/19/2020,SC,Anderson County,45007,150,1758
09/23/2020,02/01/2020,09/19/2020,SC,Beaufort County,45013,59,1048
09/23/2020,02/01/2020,09/19/2020,SC,Berkeley County,45015,50,952
09/23/2020,02/01/2020,09/19/2020,SC,Calhoun County,45017,13,98
09/23/2020,02/01/2020,09/19/2020,SC,Charleston County,45019,341,3446
09/23/2020,02/01/2020,09/19/2020,SC,Chesterfield County,45025,20,299
09/23/2020,02/01/2020,09/19/2020,SC,Clarendon County,45027,32,221
09/23/2020,02/01/2020,09/19/2020,SC,Colleton County,45029,35,360
09/23/2020,02/01/2020,09/19/2020,SC,Darlington County,45031,53,428
09/23/2020,02/01/2020,09/19/2020,SC,Dillon County,45033,11,218
09/23/2020,02/01/2020,09/19/2020,SC,Dorchester County,45035,56,653
09/23/2020,02/01/2020,09/19/2020,SC,Fairfield County,45039,12,155
09/23/2020,02/01/2020,09/19/2020,SC,Florence County,45041,301,2113
09/23/2020,02/01/2020,09/19/2020,SC,Georgetown County,45043,60,653
09/23/2020,02/01/2020,09/19/2020,SC,Greenville County,45045,291,3775
09/23/2020,02/01/2020,09/19/2020,SC,Greenwood County,45047,89,779
09/23/2020,02/01/2020,09/19/2020,SC,Hampton County,45049,20,131
09/23/2020,02/01/2020,09/19/2020,SC,Horry County,45051,203,2860
09/23/2020,02/01/2020,09/19/2020,SC,Jasper County,45053,23,216
09/23/2020,02/01/2020,09/19/2020,SC,Kershaw County,45055,17,417
09/23/2020,02/01/2020,09/19/2020,SC,Lancaster County,45057,43,562
09/23/2020,02/01/2020,09/19/2020,SC,Laurens County,45059,32,487
09/23/2020,02/01/2020,09/19/2020,SC,Lexington County,45063,156,2010
09/23/2020,02/01/2020,09/19/2020,SC,Newberry County,45071,10,280
09/23/2020,02/01/2020,09/19/2020,SC,Oconee County,45073,19,604
09/23/2020,02/01/2020,09/19/2020,SC,Orangeburg County,45075,109,786
09/23/2020,02/01/2020,09/19/2020,SC,Pickens County,45077,23,632
09/23/2020,02/01/2020,09/19/2020,SC,Richland County,45079,287,2932
09/23/2020,02/01/2020,09/19/2020,SC,Spartanburg County,45083,225,2597
09/23/2020,02/01/2020,09/19/2020,SC,Sumter County,45085,64,803
09/23/2020,02/01/2020,09/19/2020,SC,Williamsburg County,45089,14,186
09/23/2020,02/01/2020,09/19/2020,SC,York County,45091,53,1431
09/23/2020,02/01/2020,09/19/2020,SD,Minnehaha County,46099,125,1587
09/23/2020,02/01/2020,09/19/2020,SD,Pennington County,46103,44,795
09/23/2020,02/01/2020,09/19/2020,TN,Blount County,47009,16,880
09/23/2020,02/01/2020,09/19/2020,TN,Bradley County,47011,20,727
09/23/2020,02/01/2020,09/19/2020,TN,Carroll County,47017,10,238
09/23/2020,02/01/2020,09/19/2020,TN,Carter County,47019,14,435
09/23/2020,02/01/2020,09/19/2020,TN,Davidson County,47037,399,6332
09/23/2020,02/01/2020,09/19/2020,TN,Dickson County,47043,10,356
09/23/2020,02/01/2020,09/19/2020,TN,Dyer County,47045,13,329
09/23/2020,02/01/2020,09/19/2020,TN,Greene County,47059,11,506
09/23/2020,02/01/2020,09/19/2020,TN,Hamblen County,47063,25,547
09/23/2020,02/01/2020,09/19/2020,TN,Hamilton County,47065,145,3613
09/23/2020,02/01/2020,09/19/2020,TN,Knox County,47093,110,4381
09/23/2020,02/01/2020,09/19/2020,TN,McMinn County,47107,13,388
09/23/2020,02/01/2020,09/19/2020,TN,Madison County,47113,141,1371
09/23/2020,02/01/2020,09/19/2020,TN,Maury County,47119,29,765
09/23/2020,02/01/2020,09/19/2020,TN,Montgomery County,47125,25,895
09/23/2020,02/01/2020,09/19/2020,TN,Putnam County,47141,42,818
09/23/2020,02/01/2020,09/19/2020,TN,Robertson County,47147,12,421
09/23/2020,02/01/2020,09/19/2020,TN,Rutherford County,47149,114,1841
09/23/2020,02/01/2020,09/19/2020,TN,Sevier County,47155,11,612
09/23/2020,02/01/2020,09/19/2020,TN,Shelby County,47157,439,6947
09/23/2020,02/01/2020,09/19/2020,TN,Sullivan County,47163,50,2033
09/23/2020,02/01/2020,09/19/2020,TN,Sumner County,47165,85,1072
09/23/2020,02/01/2020,09/19/2020,TN,Washington County,47179,42,1508
09/23/2020,02/01/2020,09/19/2020,TN,Williamson County,47187,36,824
09/23/2020,02/01/2020,09/19/2020,TN,Wilson County,47189,15,676
09/23/2020,02/01/2020,09/19/2020,TX,Anderson County,48001,18,353
09/23/2020,02/01/2020,09/19/2020,TX,Angelina County,48005,60,748
09/23/2020,02/01/2020,09/19/2020,TX,Atascosa County,48013,13,238
09/23/2020,02/01/2020,09/19/2020,TX,Bell County,48027,106,2045
09/23/2020,02/01/2020,09/19/2020,TX,Bexar County,48029,1573,11307
09/23/2020,02/01/2020,09/19/2020,TX,Bowie County,48037,85,1040
09/23/2020,02/01/2020,09/19/2020,TX,Brazoria County,48039,123,1511
09/23/2020,02/01/2020,09/19/2020,TX,Brazos County,48041,107,1050
09/23/2020,02/01/2020,09/19/2020,TX,Brown County,48049,26,330
09/23/2020,02/01/2020,09/19/2020,TX,Burnet County,48053,17,314
09/23/2020,02/01/2020,09/19/2020,TX,Caldwell County,48055,15,210
09/23/2020,02/01/2020,09/19/2020,TX,Cameron County,48061,954,2991
09/23/2020,02/01/2020,09/19/2020,TX,Cherokee County,48073,16,294
09/23/2020,02/01/2020,09/19/2020,TX,Collin County,48085,230,4123
09/23/2020,02/01/2020,09/19/2020,TX,Comal County,48091,116,964
09/23/2020,02/01/2020,09/19/2020,TX,Dallas County,48113,992,12093
09/23/2020,02/01/2020,09/19/2020,TX,Denton County,48121,172,2831
09/23/2020,02/01/2020,09/19/2020,TX,DeWitt County,48123,22,130
09/23/2020,02/01/2020,09/19/2020,TX,Ector County,48135,99,999
09/23/2020,02/01/2020,09/19/2020,TX,Ellis County,48139,43,804
09/23/2020,02/01/2020,09/19/2020,TX,El Paso County,48141,533,4546
09/23/2020,02/01/2020,09/19/2020,TX,Fort Bend County,48157,234,2476
09/23/2020,02/01/2020,09/19/2020,TX,Galveston County,48167,273,1880
09/23/2020,02/01/2020,09/19/2020,TX,Gillespie County,48171,10,234
09/23/2020,02/01/2020,09/19/2020,TX,Grayson County,48181,50,1170
09/23/2020,02/01/2020,09/19/2020,TX,Gregg County,48183,97,1272
09/23/2020,02/01/2020,09/19/2020,TX,Guadalupe County,48187,60,673
09/23/2020,02/01/2020,09/19/2020,TX,Hale County,48189,38,175
09/23/2020,02/01/2020,09/19/2020,TX,Harris County,48201,2567,22185
09/23/2020,02/01/2020,09/19/2020,TX,Harrison County,48203,15,275
09/23/2020,02/01/2020,09/19/2020,TX,Hays County,48209,28,789
09/23/2020,02/01/2020,09/19/2020,TX,Henderson County,48213,12,568
09/23/2020,02/01/2020,09/19/2020,TX,Hidalgo County,48215,1431,4725
09/23/2020,02/01/2020,09/19/2020,TX,Hood County,48221,23,444
09/23/2020,02/01/2020,09/19/2020,TX,Hunt County,48231,29,609
09/23/2020,02/01/2020,09/19/2020,TX,Jefferson County,48245,181,2195
09/23/2020,02/01/2020,09/19/2020,TX,Jim Wells County,48249,13,204
09/23/2020,02/01/2020,09/19/2020,TX,Johnson County,48251,13,661
09/23/2020,02/01/2020,09/19/2020,TX,Karnes County,48255,12,80
09/23/2020,02/01/2020,09/19/2020,TX,Kaufman County,48257,16,497
09/23/2020,02/01/2020,09/19/2020,TX,Kleberg County,48273,30,172
09/23/2020,02/01/2020,09/19/2020,TX,Lamar County,48277,44,492
09/23/2020,02/01/2020,09/19/2020,TX,Lamb County,48279,13,88
09/23/2020,02/01/2020,09/19/2020,TX,Lavaca County,48285,16,145
09/23/2020,02/01/2020,09/19/2020,TX,Liberty County,48291,11,317
09/23/2020,02/01/2020,09/19/2020,TX,Limestone County,48293,10,163
09/23/2020,02/01/2020,09/19/2020,TX,Lubbock County,48303,216,2555
09/23/2020,02/01/2020,09/19/2020,TX,McLennan County,48309,113,1746
09/23/2020,02/01/2020,09/19/2020,TX,Matagorda County,48321,34,216
09/23/2020,02/01/2020,09/19/2020,TX,Maverick County,48323,66,286
09/23/2020,02/01/2020,09/19/2020,TX,Midland County,48329,66,760
09/23/2020,02/01/2020,09/19/2020,TX,Montgomery County,48339,274,3647
09/23/2020,02/01/2020,09/19/2020,TX,Nacogdoches County,48347,86,518
09/23/2020,02/01/2020,09/19/2020,TX,Navarro County,48349,13,295
09/23/2020,02/01/2020,09/19/2020,TX,Nueces County,48355,447,2693
09/23/2020,02/01/2020,09/19/2020,TX,Panola County,48365,10,176
09/23/2020,02/01/2020,09/19/2020,TX,Parker County,48367,25,630
09/23/2020,02/01/2020,09/19/2020,TX,Polk County,48373,10,350
09/23/2020,02/01/2020,09/19/2020,TX,Potter County,48375,135,1446
09/23/2020,02/01/2020,09/19/2020,TX,Randall County,48381,15,433
09/23/2020,02/01/2020,09/19/2020,TX,Rockwall County,48397,53,574
09/23/2020,02/01/2020,09/19/2020,TX,San Patricio County,48409,10,274
09/23/2020,02/01/2020,09/19/2020,TX,Smith County,48423,216,2572
09/23/2020,02/01/2020,09/19/2020,TX,Somervell County,48425,13,73
09/23/2020,02/01/2020,09/19/2020,TX,Starr County,48427,57,224
09/23/2020,02/01/2020,09/19/2020,TX,Tarrant County,48439,828,10788
09/23/2020,02/01/2020,09/19/2020,TX,Taylor County,48441,61,1169
09/23/2020,02/01/2020,09/19/2020,TX,Titus County,48449,17,237
09/23/2020,02/01/2020,09/19/2020,TX,Tom Green County,48451,74,883
09/23/2020,02/01/2020,09/19/2020,TX,Travis County,48453,473,4820
09/23/2020,02/01/2020,09/19/2020,TX,Uvalde County,48463,22,177
09/23/2020,02/01/2020,09/19/2020,TX,Val Verde County,48465,56,234
09/23/2020,02/01/2020,09/19/2020,TX,Victoria County,48469,148,809
09/23/2020,02/01/2020,09/19/2020,TX,Walker County,48471,26,319
09/23/2020,02/01/2020,09/19/2020,TX,Washington County,48477,35,230
09/23/2020,02/01/2020,09/19/2020,TX,Webb County,48479,236,1168
09/23/2020,02/01/2020,09/19/2020,TX,Wharton County,48481,27,240
09/23/2020,02/01/2020,09/19/2020,TX,Wichita County,48485,24,1059
09/23/2020,02/01/2020,09/19/2020,TX,Williamson County,48491,178,2414
09/23/2020,02/01/2020,09/19/2020,TX,Wilson County,48493,16,244
09/23/2020,02/01/2020,09/19/2020,TX,Wise County,48497,19,410
09/23/2020,02/01/2020,09/19/2020,TX,Wood County,48499,10,300
09/23/2020,02/01/2020,09/19/2020,UT,Davis County,49011,22,1229
09/23/2020,02/01/2020,09/19/2020,UT,Salt Lake County,49035,288,5291
09/23/2020,02/01/2020,09/19/2020,UT,San Juan County,49037,10,65
09/23/2020,02/01/2020,09/19/2020,UT,Utah County,49049,48,1846
09/23/2020,02/01/2020,09/19/2020,UT,Washington County,49053,39,1187
09/23/2020,02/01/2020,09/19/2020,UT,Weber County,49057,31,1336
09/23/2020,02/01/2020,09/19/2020,VT,Chittenden County,50007,49,1065
09/23/2020,02/01/2020,09/19/2020,VA,Accomack County,51001,20,294
09/23/2020,02/01/2020,09/19/2020,VA,Albemarle County,51003,38,721
09/23/2020,02/01/2020,09/19/2020,VA,Arlington County,51013,162,1004
09/23/2020,02/01/2020,09/19/2020,VA,Augusta County,51015,13,592
09/23/2020,02/01/2020,09/19/2020,VA,Carroll County,51035,10,174
09/23/2020,02/01/2020,09/19/2020,VA,Chesterfield County,51041,78,1692
09/23/2020,02/01/2020,09/19/2020,VA,Culpeper County,51047,13,246
09/23/2020,02/01/2020,09/19/2020,VA,Fairfax County,51059,503,3806
09/23/2020,02/01/2020,09/19/2020,VA,Fauquier County,51061,16,346
09/23/2020,02/01/2020,09/19/2020,VA,Hanover County,51085,80,903
09/23/2020,02/01/2020,09/19/2020,VA,Henrico County,51087,180,2334
09/23/2020,02/01/2020,09/19/2020,VA,James City County,51095,11,465
09/23/2020,02/01/2020,09/19/2020,VA,Loudoun County,51107,128,1260
09/23/2020,02/01/2020,09/19/2020,VA,Mecklenburg County,51117,32,316
09/23/2020,02/01/2020,09/19/2020,VA,Northampton County,51131,15,90
09/23/2020,02/01/2020,09/19/2020,VA,Page County,51139,23,170
09/23/2020,02/01/2020,09/19/2020,VA,Patrick County,51141,13,122
09/23/2020,02/01/2020,09/19/2020,VA,Prince William County,51153,120,1213
09/23/2020,02/01/2020,09/19/2020,VA,Rockingham County,51165,48,586
09/23/2020,02/01/2020,09/19/2020,VA,Shenandoah County,51171,39,310
09/23/2020,02/01/2020,09/19/2020,VA,Southampton County,51175,11,87
09/23/2020,02/01/2020,09/19/2020,VA,Spotsylvania County,51177,24,521
09/23/2020,02/01/2020,09/19/2020,VA,Washington County,51191,12,421
09/23/2020,02/01/2020,09/19/2020,VA,York County,51199,18,336
09/23/2020,02/01/2020,09/19/2020,VA,Alexandria city,51510,95,620
09/23/2020,02/01/2020,09/19/2020,VA,Charlottesville city,51540,50,721
09/23/2020,02/01/2020,09/19/2020,VA,Chesapeake city,51550,51,1234
09/23/2020,02/01/2020,09/19/2020,VA,Colonial Heights city,51570,10,150
09/23/2020,02/01/2020,09/19/2020,VA,Danville city,51590,34,542
09/23/2020,02/01/2020,09/19/2020,VA,Emporia city,51595,15,79
09/23/2020,02/01/2020,09/19/2020,VA,Fredericksburg city,51630,43,583
09/23/2020,02/01/2020,09/19/2020,VA,Galax city,51640,37,137
09/23/2020,02/01/2020,09/19/2020,VA,Hampton city,51650,26,793
09/23/2020,02/01/2020,09/19/2020,VA,Harrisonburg city,51660,15,180
09/23/2020,02/01/2020,09/19/2020,VA,Hopewell city,51670,17,226
09/23/2020,02/01/2020,09/19/2020,VA,Lynchburg city,51680,53,1023
09/23/2020,02/01/2020,09/19/2020,VA,Manassas city,51683,93,364
09/23/2020,02/01/2020,09/19/2020,VA,Martinsville city,51690,38,289
09/23/2020,02/01/2020,09/19/2020,VA,Newport News city,51700,59,1345
09/23/2020,02/01/2020,09/19/2020,VA,Norfolk city,51710,101,1852
09/23/2020,02/01/2020,09/19/2020,VA,Petersburg city,51730,68,543
09/23/2020,02/01/2020,09/19/2020,VA,Portsmouth city,51740,50,728
09/23/2020,02/01/2020,09/19/2020,VA,Richmond city,51760,91,2040
09/23/2020,02/01/2020,09/19/2020,VA,Roanoke city,51770,49,1538
09/23/2020,02/01/2020,09/19/2020,VA,Salem city,51775,29,594
09/23/2020,02/01/2020,09/19/2020,VA,Suffolk city,51800,76,647
09/23/2020,02/01/2020,09/19/2020,VA,Virginia Beach city,51810,75,2117
09/23/2020,02/01/2020,09/19/2020,VA,Winchester city,51840,30,737
09/23/2020,02/01/2020,09/19/2020,WA,Benton County,53005,147,1329
09/23/2020,02/01/2020,09/19/2020,WA,Chelan County,53007,27,628
09/23/2020,02/01/2020,09/19/2020,WA,Clark County,53011,58,2646
09/23/2020,02/01/2020,09/19/2020,WA,Franklin County,53021,31,222
09/23/2020,02/01/2020,09/19/2020,WA,Island County,53029,13,380
09/23/2020,02/01/2020,09/19/2020,WA,King County,53033,701,9440
09/23/2020,02/01/2020,09/19/2020,WA,Kitsap County,53035,12,1332
09/23/2020,02/01/2020,09/19/2020,WA,Kittitas County,53037,20,204
09/23/2020,02/01/2020,09/19/2020,WA,Pierce County,53053,166,4773
09/23/2020,02/01/2020,09/19/2020,WA,Skagit County,53057,18,814
09/23/2020,02/01/2020,09/19/2020,WA,Snohomish County,53061,164,3568
09/23/2020,02/01/2020,09/19/2020,WA,Spokane County,53063,148,3548
09/23/2020,02/01/2020,09/19/2020,WA,Thurston County,53067,20,1625
09/23/2020,02/01/2020,09/19/2020,WA,Walla Walla County,53071,10,417
09/23/2020,02/01/2020,09/19/2020,WA,Whatcom County,53073,45,1180
09/23/2020,02/01/2020,09/19/2020,WA,Yakima County,53077,207,1495
09/23/2020,02/01/2020,09/19/2020,WV,Berkeley County,54003,11,598
09/23/2020,02/01/2020,09/19/2020,WV,Cabell County,54011,13,1239
09/23/2020,02/01/2020,09/19/2020,WV,Kanawha County,54039,62,1963
09/23/2020,02/01/2020,09/19/2020,WV,Logan County,54045,24,262
09/23/2020,02/01/2020,09/19/2020,WV,Mercer County,54055,20,483
09/23/2020,02/01/2020,09/19/2020,WV,Monongalia County,54061,22,1063
09/23/2020,02/01/2020,09/19/2020,WV,Ohio County,54069,18,605
09/23/2020,02/01/2020,09/19/2020,WV,Wayne County,54099,10,164
09/23/2020,02/01/2020,09/19/2020,WI,Brown County,55009,72,1751
09/23/2020,02/01/2020,09/19/2020,WI,Dane County,55025,61,2976
09/23/2020,02/01/2020,09/19/2020,WI,Fond du Lac County,55039,10,636
09/23/2020,02/01/2020,09/19/2020,WI,Grant County,55043,16,286
09/23/2020,02/01/2020,09/19/2020,WI,Kenosha County,55059,78,1026
09/23/2020,02/01/2020,09/19/2020,WI,La Crosse County,55063,12,938
09/23/2020,02/01/2020,09/19/2020,WI,Marathon County,55073,18,955
09/23/2020,02/01/2020,09/19/2020,WI,Milwaukee County,55079,497,6665
09/23/2020,02/01/2020,09/19/2020,WI,Outagamie County,55087,33,1115
09/23/2020,02/01/2020,09/19/2020,WI,Ozaukee County,55089,59,761
09/23/2020,02/01/2020,09/19/2020,WI,Racine County,55101,72,1162
09/23/2020,02/01/2020,09/19/2020,WI,Rock County,55105,29,1118
09/23/2020,02/01/2020,09/19/2020,WI,Sheboygan County,55117,16,734
09/23/2020,02/01/2020,09/19/2020,WI,Walworth County,55127,31,559
09/23/2020,02/01/2020,09/19/2020,WI,Washington County,55131,13,688
09/23/2020,02/01/2020,09/19/2020,WI,Waukesha County,55133,82,2331
09/23/2020,02/01/2020,09/19/2020,WI,Waupaca County,55135,14,390
09/23/2020,02/01/2020,09/19/2020,WI,Winnebago County,55139,19,1108
